first-name,last-name,login,email,password
Mary,Betts,mbetts1@mycompany.com,mbetts1@mycompany.com,private1
Robert,Blatt,rblatt2@mycompany.com,rblatt2@mycompany.com,private1
Ron,Bloom,rbloom3@mycompany.com,rbloom3@mycompany.com,private1
Charles,Bond,cbond4,@mycompany.com,cbond4@mycompany.com,private1
Jennifer,Cau,jcau5@mycompany.com,jcau5@mycompany.com,private1 